<?xml version="1.0" encoding="UTF-8" standalone="yes"?>
<ns2:export xmlns="http://zakupki.gov.ru/oos/types/1" xmlns:ns2="http://zakupki.gov.ru/oos/export/1" xmlns:ns3="http://zakupki.gov.ru/oos/printform/1" xmlns:ns4="http://zakupki.gov.ru/oos/control99/1">
    <ns2:fcsClarification schemeVersion="7.0">
        <id>890434</id>
        <purchaseNumber>0356300057317000002</purchaseNumber>
        <requestNumber>0356300057317000002-АД577915</requestNumber>
        <docNumber>№РД1</docNumber>
        <docPublishDate>2017-05-26T11:52:50.216+05:00</docPublishDate>
        <href>http://zakupki.gov.ru/epz/order/notice/ea44/view/documents.html?regNumber=0356300057317000002</href>
        <question>Уважаемый заказчик, поскольку кроме сметного расчета и ведомости работ и материалов в аукционной документации нет отдельного файла с требуемыми материалами достаточно ли в первой части заявки дать согласие на выполнение работ в соответствии с аукционной документацией для участия в торгах? Или необходимо предоставить форму по материалам согласно ГЛАВЫ V.ТЕХНИЧЕСКОЕ ЗАДАНИЕ (СПЕЦИФИКАЦИЯ)?</question>
        <topic>На Ваш запрос на разъяснение положений аукционной документации сообщаем, что достаточно дать согласие на выполнение работ в соответствии с аукционной документацией в первой части заявки.</topic>
    </ns2:fcsClarification>
</ns2:export>
