<?xml version="1.0" encoding="UTF-8" standalone="yes"?>
<ns2:export xmlns="http://zakupki.gov.ru/oos/types/1" xmlns:ns2="http://zakupki.gov.ru/oos/export/1" xmlns:ns3="http://zakupki.gov.ru/oos/printform/1" xmlns:ns4="http://zakupki.gov.ru/oos/control99/1">
    <ns2:fcsClarification schemeVersion="7.0">
        <id>876066</id>
        <purchaseNumber>0356300056717000122</purchaseNumber>
        <requestNumber>781744</requestNumber>
        <docNumber>№РД1</docNumber>
        <docPublishDate>2017-05-12T15:23:57.258+05:00</docPublishDate>
        <href>http://zakupki.gov.ru/epz/order/notice/ea44/view/documents.html?regNumber=0356300056717000122</href>
        <question>во вложении</question>
        <topic>Разъяснение АД</topic>
    </ns2:fcsClarification>
</ns2:export>
