<?xml version="1.0" encoding="UTF-8" standalone="yes"?>
<ns2:export xmlns="http://zakupki.gov.ru/oos/types/1" xmlns:ns2="http://zakupki.gov.ru/oos/export/1" xmlns:ns3="http://zakupki.gov.ru/oos/printform/1" xmlns:ns4="http://zakupki.gov.ru/oos/control99/1">
    <ns2:fcsClarification schemeVersion="7.0">
        <id>879810</id>
        <purchaseNumber>0356300033117000014</purchaseNumber>
        <requestNumber>0356300033117000014-АД576307</requestNumber>
        <docNumber>№РД1</docNumber>
        <docPublishDate>2017-05-17T12:23:16.478+05:00</docPublishDate>
        <href>http://zakupki.gov.ru/epz/order/notice/ea44/view/documents.html?regNumber=0356300033117000014</href>
        <question>Неоднократные  несоответствия  в Аукционной документации Заказчика в    ГЛАВЕ V.ТЕХНИЧЕСКОЕ ЗАДАНИЕ (СПЕЦИФИКАЦИЯ)
(Наименование товара одно - Характеристики не соответствуют наименованию),
Заказчик  прописывает  характеристики товара некорректно - без соответствия
ГОСТ Р 52239-2004 (ГОСТ ИСО 11193-1:2002).
Просим  Заказчика  привести  Техническое Задание в соответствие  с действующим   ГОСТ Р 52239-2004 (ГОСТ ИСО 11193-1:2002),  соответствии  Названия товара  с его характеристиками.</question>
        <topic>В соответствии с п.4 ст.65 44-ФЗ, запрос о даче разъяснений поступил с нарушением срока. Поэтому внести изменения в техническое задание не предоставляется возможным. В позициях 6,7,и 8 "ТЗ" просим ориентироваться на их "наименование".</topic>
    </ns2:fcsClarification>
</ns2:export>
