<?xml version="1.0" encoding="UTF-8" standalone="yes"?>
<ns2:export xmlns="http://zakupki.gov.ru/oos/types/1" xmlns:ns2="http://zakupki.gov.ru/oos/export/1" xmlns:ns3="http://zakupki.gov.ru/oos/printform/1" xmlns:ns4="http://zakupki.gov.ru/oos/control99/1">
    <ns2:fcsClarification schemeVersion="7.0">
        <id>865064</id>
        <purchaseNumber>0356100014217000030</purchaseNumber>
        <requestNumber>RTS_req100080500</requestNumber>
        <docNumber>№РД1</docNumber>
        <docPublishDate>2017-05-02T12:45:34.986+05:00</docPublishDate>
        <href>http://zakupki.gov.ru/epz/order/notice/ea44/view/documents.html?regNumber=0356100014217000030</href>
        <question>Добрый день! Просим внести изменения в документацию по части кол-ва , заказываемых препаратов. Исходя из ТЗ, Заказчик ориентировался на импортные препараты и должен был знать кратность упаковкам, а именно: Зенкор Ультра- канистры 5л, Проклейм - упаковка 1кг, Актара - упаковка 250гр.
Либо просим Заказчика внести в документацию информацию о возможности увеличения суммы контракта путем составления доп.соглашения на кол-во препаратов , превышающих объем заказанных до кратного упаковкам.</question>
        <topic>Внесение изменений в аукционную документацию</topic>
    </ns2:fcsClarification>
</ns2:export>
