<?xml version="1.0" encoding="UTF-8" standalone="yes"?>
<ns2:export xmlns="http://zakupki.gov.ru/oos/types/1" xmlns:ns2="http://zakupki.gov.ru/oos/export/1" xmlns:ns3="http://zakupki.gov.ru/oos/printform/1" xmlns:ns4="http://zakupki.gov.ru/oos/control99/1">
    <ns2:fcsClarification schemeVersion="7.0">
        <id>888030</id>
        <purchaseNumber>0356300294217000102</purchaseNumber>
        <requestNumber>786885</requestNumber>
        <docNumber>№РД3</docNumber>
        <docPublishDate>2017-05-24T16:46:09.563+05:00</docPublishDate>
        <href>http://zakupki.gov.ru/epz/order/notice/ea44/view/documents.html?regNumber=0356300294217000102</href>
        <question>В  разделе Технического задания к позиции №1 заказчиком установлены следующие требования:  Перчатки диагностические нитриловые: «Перчатки диагностические для проведения медицинских исследований, диагностических и терапевтических процедур. Материал изготовления нитрильный латекс. Поверхность перчаток (внутренняя и внешняя) должна быть без силиконовой смазки, опудривания и любых полимерных покрытий. Внутренняя поверхности перчаток должна быть обработана веществом Aloe Vera.» При этом в разделе Обоснования начальной (максимальной) цены договора  цена за пару указана 6,77 руб.  Обращаем внимание на то, что среднерыночная цена на данные перчатки в 2 раза выше, чем указано в обосновании НМЦК. Цена 6,77 соответствует нитриловым перчаткам с полной текстурой, без каких-либо покрытий-обработок. Просьба внести изменения в аукционную документацию (раздел Технического задания), а именно: исключить требование «Внутренняя поверхности перчаток должна быть обработана веществом Aloe Vera», либо изменить цену в разделе НМЦК.   Так же в  разделе Технического задания к позиции №2 заказчиком установлены следующие требования:   Перчатки хирургические латексные: «Перчатки хирургические стерильные, опудренные, анатомической формы, для всех видов хирургических вмешательств и инвазивных процедур. Материал изготовления натуральный каучуковый латекс. Внешняя и внутренняя поверхности перчатки не должны быть обработаны способом  хлорирования, не должны иметь покрытий: полиэтиленового, гелевого, нитрилового или силиконового. Манжета перчатки должна быть без валика» Так же при этом в разделе Обоснования начальной (максимальной) цены договора  цена за пару указана 16,27 руб.  Опять же обращаем Ваше внимание на то, что среднерыночная цена на данные перчатки в3 раза выше, чем указано в обосновании НМЦК. Цена 16,27 соответствует перчаткам с манжетой имеющей валик. Просьба внести изменения в аукционную документацию (раздел Технического задания), а именно: исключить требование к манжете (без валика), ...</question>
        <topic>Разъяснения на запрос</topic>
    </ns2:fcsClarification>
</ns2:export>
