<?xml version="1.0" encoding="UTF-8" standalone="yes"?>
<ns2:export xmlns="http://zakupki.gov.ru/oos/types/1" xmlns:ns2="http://zakupki.gov.ru/oos/export/1" xmlns:ns3="http://zakupki.gov.ru/oos/printform/1" xmlns:ns4="http://zakupki.gov.ru/oos/control99/1">
    <ns2:fcsClarification schemeVersion="7.0">
        <id>887485</id>
        <purchaseNumber>0356300044517000029</purchaseNumber>
        <requestNumber>787867</requestNumber>
        <docNumber>№РД2</docNumber>
        <docPublishDate>2017-05-24T11:58:43.234+05:00</docPublishDate>
        <href>http://zakupki.gov.ru/epz/order/notice/ea44/view/documents.html?regNumber=0356300044517000029</href>
        <question>Приложение №2 – п. 22 Устройство оконечное объектовое Delta П.23 Резервный источник питания Delta Приложение №3 – п.49 Устройство оконечное объектовое Delta   Такого оборудования в природе не существует. Просим заменить.</question>
        <topic>окончание срока направления участниками запроса о даче разъяснений положений документации окончен 22 мая 2017 года. В документацию внесены изменения.</topic>
    </ns2:fcsClarification>
</ns2:export>
