<?xml version="1.0" encoding="UTF-8" standalone="yes"?>
<ns2:export xmlns="http://zakupki.gov.ru/oos/types/1" xmlns:ns2="http://zakupki.gov.ru/oos/export/1" xmlns:ns3="http://zakupki.gov.ru/oos/printform/1" xmlns:ns4="http://zakupki.gov.ru/oos/control99/1">
    <ns2:fcsClarification schemeVersion="7.0">
        <id>873410</id>
        <purchaseNumber>0356100010317000005</purchaseNumber>
        <requestNumber>780445</requestNumber>
        <docNumber>№РД2</docNumber>
        <docPublishDate>2017-05-10T15:51:28.750+05:00</docPublishDate>
        <href>http://zakupki.gov.ru/epz/order/notice/ea44/view/documents.html?regNumber=0356100010317000005</href>
        <question>Уважаемый Заказчик! Просьба разъяснить требования, установленные в п. 1.6 (два раза), а именно: 1.6. Перед началом выполнения работ Подрядчик должен получить положительное заключение на проверку сметной документации на проведение капитального ремонта кровли пожарного депо ПСЧ Копию заключения предоставить Заказчику. 1.6. По окончании выполнения работ Подрядчик должен получить экспертизу качества выполненных работ, составленную третьей стороной, имеющей лицензию на проведение данной процедуры. Копию заключения предоставить Заказчику. Вопрос 1: Проверка сметной документации, равно как и проведение экспертизы качества выполненных работ занимает определенное время. Данные работы должны быть выполнены в рамках сроков предусмотренных документацией? Проверка сметной документации – не менее 1 месяца. Вопрос 2: Кто будет оплачивать проверку смет и качества выполненных работ? В обосновании начальной максимальной цены данные затраты не учтены.</question>
        <topic>разъяснение положений об АЭФ</topic>
    </ns2:fcsClarification>
</ns2:export>
