<?xml version="1.0" encoding="UTF-8" standalone="yes"?>
<ns2:export xmlns="http://zakupki.gov.ru/oos/types/1" xmlns:ns2="http://zakupki.gov.ru/oos/export/1" xmlns:ns3="http://zakupki.gov.ru/oos/printform/1" xmlns:ns4="http://zakupki.gov.ru/oos/control99/1">
    <ns2:fcsClarification schemeVersion="7.0">
        <id>876264</id>
        <purchaseNumber>0356100006517000052</purchaseNumber>
        <requestNumber>781039</requestNumber>
        <docNumber>№РД2</docNumber>
        <docPublishDate>2017-05-12T16:28:15.260+05:00</docPublishDate>
        <href>http://zakupki.gov.ru/epz/order/notice/ea44/view/documents.html?regNumber=0356100006517000052</href>
        <question>Добрый день! п. 23 Вентилятор TUBE бывает только в металлическом корпусе, у Вас указан пластмассовый. Какой нужен вентилятор?</question>
        <topic>технически характеристики</topic>
    </ns2:fcsClarification>
</ns2:export>
