<?xml version="1.0" encoding="UTF-8" standalone="yes"?>
<ns2:export xmlns="http://zakupki.gov.ru/oos/types/1" xmlns:ns2="http://zakupki.gov.ru/oos/export/1" xmlns:ns3="http://zakupki.gov.ru/oos/printform/1" xmlns:ns4="http://zakupki.gov.ru/oos/control99/1">
    <ns2:fcsClarification schemeVersion="7.0">
        <id>888926</id>
        <purchaseNumber>0356100008017000009</purchaseNumber>
        <docNumber>№РД1</docNumber>
        <docPublishDate>2017-05-25T11:58:43.914+05:00</docPublishDate>
        <href>http://zakupki.gov.ru/epz/order/notice/ea44/view/documents.html?regNumber=0356100008017000009</href>
        <topic>Внесение изменений в Аукционную документацию (ИКЗ)</topic>
    </ns2:fcsClarification>
</ns2:export>
