<?xml version="1.0" encoding="UTF-8" standalone="yes"?>
<ns2:export xmlns="http://zakupki.gov.ru/oos/types/1" xmlns:ns2="http://zakupki.gov.ru/oos/export/1" xmlns:ns3="http://zakupki.gov.ru/oos/printform/1" xmlns:ns4="http://zakupki.gov.ru/oos/control99/1">
    <ns2:fcsClarification schemeVersion="7.0">
        <id>886176</id>
        <purchaseNumber>0156200002517000033</purchaseNumber>
        <requestNumber>785689</requestNumber>
        <docNumber>№РД1</docNumber>
        <docPublishDate>2017-05-23T10:01:45.543+05:00</docPublishDate>
        <href>http://zakupki.gov.ru/epz/order/notice/ea44/view/documents.html?regNumber=0156200002517000033</href>
        <question>Во вложенном файле</question>
        <topic>Ответ на запрос представлен в новой действующей редакции документации об аукционе в электронной форме</topic>
    </ns2:fcsClarification>
</ns2:export>
