<?xml version="1.0" encoding="UTF-8" standalone="yes"?>
<ns2:export xmlns="http://zakupki.gov.ru/oos/types/1" xmlns:ns2="http://zakupki.gov.ru/oos/export/1" xmlns:ns3="http://zakupki.gov.ru/oos/printform/1" xmlns:ns4="http://zakupki.gov.ru/oos/control99/1">
    <ns2:fcsClarification schemeVersion="7.0">
        <id>878573</id>
        <purchaseNumber>0356200000317000029</purchaseNumber>
        <requestNumber>782963</requestNumber>
        <docNumber>№РД1</docNumber>
        <docPublishDate>2017-05-16T10:22:25.590+05:00</docPublishDate>
        <href>http://zakupki.gov.ru/epz/order/notice/ea44/view/documents.html?regNumber=0356200000317000029</href>
        <question>В техническом задании указано: Лейкопластырь медицинский фиксирующий, гипоаллергенный, рулонный   2,5 см*500, (24 шт./уп). Уточните пожалуйста основу лейкопластыря: тканевая, нетканая, целлюлоза? Критично ли кол-во лейкопластыря в упаковке 24 штуки?</question>
        <topic>Основа лейкопластыря:   целлюлоза. кол-во лейкопластыря в упаковке 24 штуки - желательно, но не невозможно.</topic>
    </ns2:fcsClarification>
</ns2:export>
