<?xml version="1.0" encoding="UTF-8" standalone="yes"?>
<ns2:export xmlns="http://zakupki.gov.ru/oos/types/1" xmlns:ns2="http://zakupki.gov.ru/oos/export/1" xmlns:ns3="http://zakupki.gov.ru/oos/printform/1" xmlns:ns4="http://zakupki.gov.ru/oos/control99/1">
    <ns2:fcsClarification schemeVersion="7.0">
        <id>874404</id>
        <purchaseNumber>0356300149617000001</purchaseNumber>
        <requestNumber>0356300149617000001-АД575137</requestNumber>
        <docNumber>№РД1</docNumber>
        <docPublishDate>2017-05-11T09:20:35.765+05:00</docPublishDate>
        <href>http://zakupki.gov.ru/epz/order/notice/ea44/view/documents.html?regNumber=0356300149617000001</href>
        <question>в п. 2 раздела V установлено: Первая часть заявки на участие в электронном аукционе должна содержать согласие участника аукциона на выполнение работы или оказание услуги на условиях, предусмотренных документацией об аукционе;
в п. 5 Раздела V установлено: В случае если объектом закупки является выполнение работ или оказание услуг, для выполнения (оказания) которых используется товар, заявка на участие в аукционе должна содержать конкретные показатели товара, соответствующие значениям, установленным документацией об аукционе (Приложение № 1 к документации об аукционе).

Просьба разъяснить для участия достаточно СОГЛАСИЯ или все же необходимо предоставить конкретные показатели? Если конкретные показатели нужны внесите изменения в п. 2 Раздела V</question>
        <topic>Достаточно СОГЛАСИЯ.</topic>
    </ns2:fcsClarification>
</ns2:export>
