<?xml version="1.0" encoding="UTF-8" standalone="yes"?>
<ns2:export xmlns="http://zakupki.gov.ru/oos/types/1" xmlns:ns2="http://zakupki.gov.ru/oos/export/1" xmlns:ns3="http://zakupki.gov.ru/oos/printform/1" xmlns:ns4="http://zakupki.gov.ru/oos/control99/1">
    <ns2:fcsClarification schemeVersion="7.0">
        <id>877415</id>
        <purchaseNumber>0356300249617000007</purchaseNumber>
        <requestNumber>782193</requestNumber>
        <docNumber>№РД7</docNumber>
        <docPublishDate>2017-05-15T12:29:21.623+05:00</docPublishDate>
        <href>http://zakupki.gov.ru/epz/order/notice/ea44/view/documents.html?regNumber=0356300249617000007</href>
        <question>Прошу разъяснить положения документации об электронном аукционе.  В ответе на запрос разъяснений заказчиком указано: «В п.1.6. технического задания прописано, что «Подрядчик должен соответствовать требованиям законодательства РФ, предъявляемым к лицам, осуществляющим виды работ согласно настоящему Техническому заданию, в случае если такие требования установлены законодательством РФ». Наименование работ звучит, как  «Капитальный ремонт кровли здания МБДОУ детский сад № 8 «Мозаика» г. Гремячинска по адресу: Пермский край, г. Гремячинск, ул. Грибоедова, 36», а виды работ, указанные в техническом задании, относятся к перечню видов работ по капитальному строительству (утв. приказом Минрегио-на РФ от 30.12.2009 № 624). Следовательно, Подрядчик должен иметь свидетельство СРО на проведение работ данного вида.» В соответствии со статьей 64 44-ФЗ, в документации об открытом аукционе в электронной форме должны содержаться требования, предъявляемые к участнику закупки, а именно все виды допусков СРО (согласно приказа Минрегиона РФ от 30.12.2009 N 624 (ред. от 14.11.2011) "Об утверждении Перечня видов работ по инженерным изысканиям, по подготовке проектной документации, по строительству, реконструкции, капитальному ремонту объектов капитального строительства, которые оказывают влияние на безопасность объектов капитального строительства"), необходимые для проведения работ. Прошу привести  аукционную документацию в соответствие требований действующего законодательства РФ.</question>
        <topic>ответ на запрос разъяснений</topic>
    </ns2:fcsClarification>
</ns2:export>
