<?xml version="1.0" encoding="UTF-8" standalone="yes"?>
<ns2:export xmlns="http://zakupki.gov.ru/oos/types/1" xmlns:ns2="http://zakupki.gov.ru/oos/export/1" xmlns:ns3="http://zakupki.gov.ru/oos/printform/1" xmlns:ns4="http://zakupki.gov.ru/oos/control99/1">
    <ns2:fcsClarification schemeVersion="7.0">
        <id>872769</id>
        <purchaseNumber>0156100008117000027</purchaseNumber>
        <requestNumber>779687</requestNumber>
        <docNumber>№РД1</docNumber>
        <docPublishDate>2017-05-10T11:51:16.351+05:00</docPublishDate>
        <href>http://zakupki.gov.ru/epz/order/notice/ea44/view/documents.html?regNumber=0156100008117000027</href>
        <question>1) Согласно п.1 технического задания требуется автомобильная шина Nokian 215/60 R16 99T Hakkapelitta 8 «или эквивалент», индекс нагрузки: 95 (до 690 кг), маркировка: XL. В запрашиваемом типоразмере маркировку XL имеют только шины с индексом нагрузки 99 (775 кг). Шина Nokian 215/60 R16 99T Hakkapelitta 8 так же имеет индекс нагрузки 99 (775 кг). Прошу внести разъяснения. 2) Согласно п.2 технического задания требуется автомобильная шина Nokian 225/55 R16 99T  Hakkapelitta 8 «или эквивалент», индекс нагрузки: 95 (до 690 кг), маркировка: XL. В запрашиваемом типоразмере маркировку XL имеют только шины с индексом нагрузки 99 (775 кг). Шина Nokian 225/55 R16 99T  Hakkapelitta 8 так же имеет индекс нагрузки 99 (775 кг). Прошу внести разъяснения.</question>
        <topic>Индекс нагрузки автомобильных шин. Внесены изменения в документацию</topic>
        <attachments>
            <attachment>
                <publishedContentId>4F24898025670088E0530A86121FA15E</publishedContentId>
                <fileName>изменения в документацию электронного аукциона на поставку автомобильных шин.docx</fileName>
                <fileSize>21.89 Кб</fileSize>
                <docDescription>изменения в документацию электронного аукциона на поставку автомобильных шин</docDescription>
                <url>http://zakupki.gov.ru/44fz/filestore/public/1.0/download/priz/file.html?uid=4F24898025670088E0530A86121FA15E</url>
            </attachment>
        </attachments>
    </ns2:fcsClarification>
</ns2:export>
