<?xml version="1.0" encoding="UTF-8" standalone="yes"?>
<ns2:export xmlns="http://zakupki.gov.ru/oos/types/1" xmlns:ns2="http://zakupki.gov.ru/oos/export/1" xmlns:ns3="http://zakupki.gov.ru/oos/printform/1" xmlns:ns4="http://zakupki.gov.ru/oos/control99/1">
    <ns2:fcsClarification schemeVersion="7.0">
        <id>886449</id>
        <purchaseNumber>0356300044517000029</purchaseNumber>
        <requestNumber>786612</requestNumber>
        <docNumber>№РД1</docNumber>
        <docPublishDate>2017-05-23T13:14:37.440+05:00</docPublishDate>
        <href>http://zakupki.gov.ru/epz/order/notice/ea44/view/documents.html?regNumber=0356300044517000029</href>
        <question>Уважаемый Заказчик!  В соответствии со ст. 33. Правила описания объекта закупки закона 44-ФЗ,  «1. Заказчик при описании в документации о закупке объекта закупки должен руководствоваться следующими правилами: 1) описание объекта закупки должно носить объективный характер. В описании объекта закупки указываются функциональные, технические и качественные характеристики, эксплуатационные характеристики объекта закупки (при необходимости)…» а также  В представленной аукционной документации отсутствует объективное описание объекта закупки, а именно – отсутствуют сведения о характеристиках следующего оборудования: Устройство оконечное объектовое Delta Резервный источник питания Delta  Просим внести в аукционную документацию сведения о технических характеристиках указанного оборудования.  Просим внести изменения в аукционную документацию.</question>
        <topic>24 мая 2017 года будут опубликованы изменения  в аукционную документацию</topic>
    </ns2:fcsClarification>
</ns2:export>
