<?xml version="1.0" encoding="UTF-8" standalone="yes"?>
<ns2:export xmlns="http://zakupki.gov.ru/oos/types/1" xmlns:ns2="http://zakupki.gov.ru/oos/export/1" xmlns:ns3="http://zakupki.gov.ru/oos/printform/1" xmlns:ns4="http://zakupki.gov.ru/oos/control99/1">
    <ns2:fcsClarification schemeVersion="7.0">
        <id>889714</id>
        <purchaseNumber>0356100025917000008</purchaseNumber>
        <requestNumber>789106</requestNumber>
        <docNumber>№РД1</docNumber>
        <docPublishDate>2017-05-25T17:58:12.900+05:00</docPublishDate>
        <href>http://zakupki.gov.ru/epz/order/notice/ea44/view/documents.html?regNumber=0356100025917000008</href>
        <question>Добрый день. В техническом задании указано:  Поставка яблок свежих ГОСТ 21122-75. Данный ГОСТ утратил силу в РФ. Просим скорректировать технические требования.</question>
        <topic>Поставка яблок свежих ГОСТ 16270-70</topic>
    </ns2:fcsClarification>
</ns2:export>
