<?xml version="1.0" encoding="UTF-8" standalone="yes"?>
<ns2:export xmlns="http://zakupki.gov.ru/oos/types/1" xmlns:ns2="http://zakupki.gov.ru/oos/export/1" xmlns:ns3="http://zakupki.gov.ru/oos/printform/1" xmlns:ns4="http://zakupki.gov.ru/oos/control99/1">
    <ns2:fcsClarification schemeVersion="7.0">
        <id>889316</id>
        <purchaseNumber>0156300005017000011</purchaseNumber>
        <docNumber>№РД1</docNumber>
        <docPublishDate>2017-05-25T15:22:30.470+05:00</docPublishDate>
        <href>http://zakupki.gov.ru/epz/order/notice/ea44/view/documents.html?regNumber=0156300005017000011</href>
        <topic>РАЗЪЯСНЕНИЯ 
ПОЛОЖЕНИЙ ДОКУМЕНТАЦИИ ОБ ОТКРЫТОМ АУКЦИОНЕ В ЭЛЕКТРОННОЙ ФОРМЕ
</topic>
    </ns2:fcsClarification>
</ns2:export>
